,DF INFO
0,<class 'pandas.core.frame.DataFrame'>
1,"RangeIndex: 98072 entries, 0 to 98071"
2,Data columns (total 15 columns):
3,SeqNo    98072 non-null int64
4,F_1      98072 non-null int64
5,F_2      98072 non-null float64
6,F_3      98072 non-null float64
7,F_4      98072 non-null float64
8,F_5      98072 non-null float64
9,F_6      98072 non-null float64
10,F_7      98072 non-null float64
11,F_8      98072 non-null float64
12,F_9      98072 non-null float64
13,F_10     98072 non-null float64
14,F_11     98072 non-null float64
15,F_12     98072 non-null float64
16,F_13     98072 non-null float64
17,O        98072 non-null float64
18,"dtypes: float64(13), int64(2)"
19,memory usage: 11.2 MB
20,
